[{
  "name": "匡亚明",
  "value": 99
}, {
  "name": "鼎新东区",
  "value": 102
}, {
  "name": "鼎新西区",
  "value": 83
}, {
  "name": "超分子",
  "value": 49
}, {
  "name": "计算机",
  "value": 200
}, {
  "name": "车场6",
  "value": 152
}, {
  "name": "车场7",
  "value": 76
}, {
  "name": "车场8",
  "value": 23
}, {
  "name": "车场9",
  "value": 87
}, {
  "name": "车场10",
  "value": 223
}, {
  "name": "车场11",
  "value": 145
}, {
  "name": "车场12",
  "value": 187
},{
  "name": "车场13",
  "value": 127
},{
  "name": "车场14",
  "value": 57
},{
  "name": "车场15",
  "value": 99
}]
