{
  "map": {
    "title": "地区销量趋势",
    "base": 310,
    "unit": "万",
    "data": [
      {
        "name": "计算机大楼",
        "data": [
          "155.13",
          "154.65",
          "171.46",
          "164.38",
          "237.23",
          "300.65",
          "240.29",
          "232.07",
          "193.31",
          "136.70",
          "48.64",
          "90.20"
        ]
      },
      {
        "name": "超分子",
        "data": [
          "86.25",
          "33.80",
          "145.58",
          "21.79",
          "176.09",
          "132.41",
          "291.05",
          "191.89",
          "151.54",
          "94.25",
          "141.75",
          "157.14"
        ]
      },
      {
        "name": "匡亚明",
        "data": [
          "143.94",
          "186.29",
          "183.64",
          "251.48",
          "195.48",
          "152.16",
          "52.47",
          "184.12",
          "203.79",
          "39.16",
          "56.37",
          "161.64"
        ]
      },
      {
        "name": "鼎新东区",
        "data": [
          "57.60",
          "77.61",
          "307.24",
          "165.05",
          "175.41",
          "276.88",
          "269.04",
          "296.11",
          "105.31",
          "283.39",
          "134.08",
          "265.38"
        ]
      },
      {
        "name": "鼎新西区",
        "data": [
          "200.82",
          "215.56",
          "249.80",
          "222.67",
          "216.98",
          "60.12",
          "309.68",
          "273.35",
          "150.99",
          "251.97",
          "26.15",
          "186.99"
        ]
      }
    ]
  },
  "common": {
    "month": ["一月", "二月", "三月", "四月", "五月", "六月", "七月", "八月", "九月", "十月", "十一月", "十二月"]
  }
}
